{
  "GET /Requests" : {
    "transaction" : "GET /Requests",
    "sampleCount" : 300,
    "errorCount" : 300,
    "errorPct" : 100.0,
    "meanResTime" : 20207.116666666665,
    "medianResTime" : 20169.0,
    "minResTime" : 19924.0,
    "maxResTime" : 20694.0,
    "pct1ResTime" : 20684.9,
    "pct2ResTime" : 20687.95,
    "pct3ResTime" : 20693.0,
    "throughput" : 14.465499783017503,
    "receivedKBytesPerSec" : 37.760039960943146,
    "sentKBytesPerSec" : 0.0
  },
  "Total" : {
    "transaction" : "Total",
    "sampleCount" : 300,
    "errorCount" : 300,
    "errorPct" : 100.0,
    "meanResTime" : 20207.116666666665,
    "medianResTime" : 20169.0,
    "minResTime" : 19924.0,
    "maxResTime" : 20694.0,
    "pct1ResTime" : 20684.9,
    "pct2ResTime" : 20687.95,
    "pct3ResTime" : 20693.0,
    "throughput" : 14.465499783017503,
    "receivedKBytesPerSec" : 37.760039960943146,
    "sentKBytesPerSec" : 0.0
  }
}