{
  "GET /Requests" : {
    "transaction" : "GET /Requests",
    "sampleCount" : 20,
    "errorCount" : 20,
    "errorPct" : 100.0,
    "meanResTime" : 155.40000000000003,
    "medianResTime" : 175.0,
    "minResTime" : 28.0,
    "maxResTime" : 177.0,
    "pct1ResTime" : 177.0,
    "pct2ResTime" : 177.0,
    "pct3ResTime" : 177.0,
    "throughput" : 87.33624454148472,
    "receivedKBytesPerSec" : 227.9783024017467,
    "sentKBytesPerSec" : 0.0
  },
  "Total" : {
    "transaction" : "Total",
    "sampleCount" : 20,
    "errorCount" : 20,
    "errorPct" : 100.0,
    "meanResTime" : 155.40000000000003,
    "medianResTime" : 175.0,
    "minResTime" : 28.0,
    "maxResTime" : 177.0,
    "pct1ResTime" : 177.0,
    "pct2ResTime" : 177.0,
    "pct3ResTime" : 177.0,
    "throughput" : 87.33624454148472,
    "receivedKBytesPerSec" : 227.9783024017467,
    "sentKBytesPerSec" : 0.0
  }
}